model,features,thetas,alpha,max_iter,loss
0,['w'],"[644413.1578411863],[90787.2007363149]",0.1,5000,477724519.52018374
1,['p'],"[644074.5296323585],[-4472.310110348188]",0.1,5000,4502858220.785782
2,['t'],"[644135.5875332374],[-452.69497590399794]",0.1,5000,4850630510.104613
3,"['w', 'p']","[643854.2485956792],[91587.97302736544],[-4965.75120205907]",0.1,5000,517913486.2362129
4,"['w', 't']","[643817.5696018168],[91127.43993189331],[-812.8126773818725]",0.1,5000,522785068.590859
5,"['t', 'p']","[643716.0479871881],[37.082437145585025],[-5420.568208110553]",0.1,5000,4869045708.309997
6,"['w', 'p', 't']","[643865.4395908155],[91454.77751767023],[-4645.545633719879],[-601.6662099098785]",0.1,5000,486765551.57813644
