model,features,thetas,alpha,max_iter,loss
0,['w'],"[644124.4065929821],[91086.8793180333]",0.1,10000,520772342.12877846
1,['p'],"[644622.1149564261],[-3134.0544221975524]",0.1,10000,4695626284.996129
2,['t'],"[644223.5663416799],[-1075.7617210317833]",0.1,10000,4423291786.362237
3,"['w', 'p']","[644043.4881056654],[91232.40557713938],[-5057.110306008779]",0.1,10000,504689787.80825883
4,"['w', 't']","[644303.8694398464],[91338.96533566667],[-348.358887951114]",0.1,10000,532116842.01799846
5,"['t', 'p']","[644568.0520254425],[-1481.4058436850023],[-5878.005155828053]",0.1,10000,4607152930.558329
6,"['w', 'p', 't']","[644386.4220647349],[91226.43856103733],[-4294.193756292017],[-422.1060710763118]",0.1,10000,458752142.6705121
